[
  {
    "value": "Bascom",
    "synonyms": [
      "Bascom",
      "bascom",
      "BASCOM"
    ]
  },
  {
    "value": "Brogden",
    "synonyms": [
      "Brogden",
      "brogden",
      "BROGDEN"
    ]
  },
  {
    "value": "Chamberlin",
    "synonyms": [
      "Chamberlin",
      "chamberlin",
      "CHAMBERLIN"
    ]
  },
  {
    "value": "Ingraham",
    "synonyms": [
      "Ingraham",
      "ingraham",
      "INGRAHAM"
    ]
  },
  {
    "value": "VanVleck",
    "synonyms": [
      "VanVleck",
      "vanvleck",
      "VANVLECK",
      "Van Vleck",
      "van vleck",
      "VAN VLECK",
      "Van vleck"
    ]
  },
  {
    "value": "Vilas",
    "synonyms": [
      "Vilas",
      "vilas",
      "VILAS"
    ]
  }
]