[
  {
    "id": "036794b7-1864-4bbf-aad0-9e713525e1fa",
    "data": [
      {
        "text": "available chatrooms",
        "userDefined": false
      }
    ],
    "isTemplate": false,
    "count": 0,
    "lang": "en",
    "updated": 0
  },
  {
    "id": "d47bc9a3-742f-4496-983d-bdca558571a9",
    "data": [
      {
        "text": "give me the list of chatrooms",
        "userDefined": false
      }
    ],
    "isTemplate": false,
    "count": 0,
    "lang": "en",
    "updated": 0
  },
  {
    "id": "7cdfc998-c939-48f4-9f8f-4335a65d19dd",
    "data": [
      {
        "text": "names of chatrooms",
        "userDefined": false
      }
    ],
    "isTemplate": false,
    "count": 0,
    "lang": "en",
    "updated": 0
  },
  {
    "id": "5a156ced-50e2-4b1a-b379-7109228ebdb7",
    "data": [
      {
        "text": "list of chatroom",
        "userDefined": false
      }
    ],
    "isTemplate": false,
    "count": 0,
    "lang": "en",
    "updated": 0
  },
  {
    "id": "7c9093fd-24a2-433e-9a21-17e52eaa9bc4",
    "data": [
      {
        "text": "chatroom list",
        "userDefined": false
      }
    ],
    "isTemplate": false,
    "count": 0,
    "lang": "en",
    "updated": 0
  },
  {
    "id": "ef593e72-10b9-4232-99b2-25abddffdaa2",
    "data": [
      {
        "text": "types of chatrooms",
        "userDefined": false
      }
    ],
    "isTemplate": false,
    "count": 0,
    "lang": "en",
    "updated": 0
  },
  {
    "id": "383bdcbf-5637-4b86-91ef-fbaf6f31c6a1",
    "data": [
      {
        "text": "what kind of chatrooms are there",
        "userDefined": false
      }
    ],
    "isTemplate": false,
    "count": 0,
    "lang": "en",
    "updated": 0
  },
  {
    "id": "322402ce-0214-4bc5-a7f3-92280eae5eac",
    "data": [
      {
        "text": "what chatrooms are there",
        "userDefined": false
      }
    ],
    "isTemplate": false,
    "count": 0,
    "lang": "en",
    "updated": 0
  }
]