[
  {
    "id": "f4117cd5-0077-4acb-b0f4-fb690c6550f5",
    "data": [
      {
        "text": "create a new message",
        "userDefined": false
      }
    ],
    "isTemplate": false,
    "count": 0,
    "lang": "en",
    "updated": 0
  },
  {
    "id": "467cc204-016a-4078-b86a-a1527c010fe3",
    "data": [
      {
        "text": "make a new post",
        "userDefined": false
      }
    ],
    "isTemplate": false,
    "count": 0,
    "lang": "en",
    "updated": 0
  },
  {
    "id": "220bd855-248a-49eb-8de6-ecd3f7f6139f",
    "data": [
      {
        "text": "new post",
        "userDefined": false
      }
    ],
    "isTemplate": false,
    "count": 0,
    "lang": "en",
    "updated": 0
  },
  {
    "id": "6592e400-f22b-4075-bc33-c9de08954c68",
    "data": [
      {
        "text": "create a new post",
        "userDefined": false
      }
    ],
    "isTemplate": false,
    "count": 0,
    "lang": "en",
    "updated": 0
  },
  {
    "id": "1d42e462-3ffc-428d-8a49-f64a6fbdc0b5",
    "data": [
      {
        "text": "create a post",
        "userDefined": false
      }
    ],
    "isTemplate": false,
    "count": 0,
    "lang": "en",
    "updated": 0
  }
]