[
  {
    "id": "8592d861-b026-4f68-ac6c-b3fbbb3e8d04",
    "data": [
      {
        "text": "7",
        "meta": "@sys.number",
        "alias": "number",
        "userDefined": false
      },
      {
        "text": " latest posts from ",
        "userDefined": false
      },
      {
        "text": "Grainger",
        "meta": "@Chatroom",
        "alias": "chatroom",
        "userDefined": false
      }
    ],
    "isTemplate": false,
    "count": 0,
    "lang": "en",
    "updated": 0
  },
  {
    "id": "75c2e9ea-b9e5-4ddc-b238-6bf030fd04aa",
    "data": [
      {
        "text": "The latest post in ",
        "userDefined": false
      },
      {
        "text": "Ingraham",
        "meta": "@Chatroom",
        "alias": "chatroom",
        "userDefined": false
      }
    ],
    "isTemplate": false,
    "count": 0,
    "lang": "en",
    "updated": 0
  },
  {
    "id": "65162d3f-e7a0-43d4-9406-1fc096c345b9",
    "data": [
      {
        "text": "10",
        "meta": "@sys.number",
        "alias": "number",
        "userDefined": false
      },
      {
        "text": " latest posts in ",
        "userDefined": false
      },
      {
        "text": "Van Vleck",
        "meta": "@Chatroom",
        "alias": "chatroom",
        "userDefined": false
      }
    ],
    "isTemplate": false,
    "count": 0,
    "lang": "en",
    "updated": 0
  },
  {
    "id": "e329fca3-012e-4eb3-80d5-92b6f82a6aa1",
    "data": [
      {
        "text": "latest post in ",
        "userDefined": false
      },
      {
        "text": "Vilas",
        "meta": "@Chatroom",
        "alias": "chatroom",
        "userDefined": false
      }
    ],
    "isTemplate": false,
    "count": 0,
    "lang": "en",
    "updated": 0
  },
  {
    "id": "61fe1e4f-223c-45cd-a706-5dfa86ee1bba",
    "data": [
      {
        "text": "3",
        "meta": "@sys.number",
        "alias": "number",
        "userDefined": false
      },
      {
        "text": " latest posts in ",
        "userDefined": false
      },
      {
        "text": "Bascom",
        "meta": "@Chatroom",
        "alias": "chatroom",
        "userDefined": false
      }
    ],
    "isTemplate": false,
    "count": 0,
    "lang": "en",
    "updated": 0
  }
]