[
  {
    "id": "0a126a36-4634-4f52-826d-2f9bd57e54fd",
    "data": [
      {
        "text": "how many users are registered",
        "userDefined": false
      }
    ],
    "isTemplate": false,
    "count": 0,
    "lang": "en",
    "updated": 0
  },
  {
    "id": "09466f0a-e2fd-4236-9b7d-d17e12a44ef0",
    "data": [
      {
        "text": "number of registered users",
        "userDefined": false
      }
    ],
    "isTemplate": false,
    "count": 0,
    "lang": "en",
    "updated": 0
  },
  {
    "id": "08b56118-8fb0-431a-ae52-30260b5daf41",
    "data": [
      {
        "text": "registered user number",
        "userDefined": false
      }
    ],
    "isTemplate": false,
    "count": 0,
    "lang": "en",
    "updated": 0
  },
  {
    "id": "0efcd6af-8c88-4889-99ad-8f117b4ad481",
    "data": [
      {
        "text": "how many users are there",
        "userDefined": false
      }
    ],
    "isTemplate": false,
    "count": 0,
    "lang": "en",
    "updated": 0
  }
]