[
  {
    "id": "e897b14b-c501-47c1-a688-a68c36e2f936",
    "data": [
      {
        "text": "how many posts in ",
        "userDefined": false
      },
      {
        "text": "Bascom",
        "meta": "@Chatroom",
        "alias": "chatroom",
        "userDefined": true
      }
    ],
    "isTemplate": false,
    "count": 0,
    "lang": "en",
    "updated": 0
  },
  {
    "id": "7e89a760-8807-4a4e-9b25-280ed4928d69",
    "data": [
      {
        "text": "how many posts in ",
        "userDefined": false
      },
      {
        "text": "vilas",
        "meta": "@Chatroom",
        "alias": "chatroom",
        "userDefined": true
      }
    ],
    "isTemplate": false,
    "count": 0,
    "lang": "en",
    "updated": 0
  },
  {
    "id": "046c4817-aa80-4773-b393-d1fcb95eb033",
    "data": [
      {
        "text": "How many posts in ",
        "userDefined": false
      },
      {
        "text": "Ingraham",
        "meta": "@Chatroom",
        "alias": "chatroom",
        "userDefined": true
      }
    ],
    "isTemplate": false,
    "count": 0,
    "lang": "en",
    "updated": 0
  },
  {
    "id": "c550a8ea-6c2a-4f9a-8e2d-ddb9ebfddbf8",
    "data": [
      {
        "text": "How many posts in ",
        "userDefined": false
      },
      {
        "text": "Grainger",
        "meta": "@Chatroom",
        "alias": "chatroom",
        "userDefined": true
      }
    ],
    "isTemplate": false,
    "count": 0,
    "lang": "en",
    "updated": 0
  },
  {
    "id": "c73a85ff-2d58-4131-ae28-aff379eac84b",
    "data": [
      {
        "text": "how many posts in ",
        "userDefined": false
      },
      {
        "text": "Brogden",
        "meta": "@Chatroom",
        "alias": "chatroom",
        "userDefined": true
      }
    ],
    "isTemplate": false,
    "count": 0,
    "lang": "en",
    "updated": 0
  },
  {
    "id": "90b7987a-127e-47b6-8d2d-198be4306fc1",
    "data": [
      {
        "text": "how many posts in ",
        "userDefined": false
      },
      {
        "text": "Van Vleck",
        "meta": "@Chatroom",
        "alias": "chatroom",
        "userDefined": false
      }
    ],
    "isTemplate": false,
    "count": 0,
    "lang": "en",
    "updated": 0
  },
  {
    "id": "b593b5e6-62f4-4a60-bfe4-def0acb4824e",
    "data": [
      {
        "text": "how many posts in ",
        "userDefined": false
      },
      {
        "text": "chamberlin",
        "meta": "@Chatroom",
        "alias": "chatroom",
        "userDefined": true
      }
    ],
    "isTemplate": false,
    "count": 0,
    "lang": "en",
    "updated": 0
  },
  {
    "id": "2bbb3522-fca1-476c-a313-5a313ae95ebf",
    "data": [
      {
        "text": "current post number",
        "userDefined": false
      }
    ],
    "isTemplate": false,
    "count": 0,
    "lang": "en",
    "updated": 0
  },
  {
    "id": "fb270eb5-02f2-447a-a14d-bb9ce6471c63",
    "data": [
      {
        "text": "number of posts",
        "userDefined": false
      }
    ],
    "isTemplate": false,
    "count": 0,
    "lang": "en",
    "updated": 0
  },
  {
    "id": "f2c4ab7f-9795-4cad-a759-bacdebc09a11",
    "data": [
      {
        "text": "how many posts",
        "userDefined": false
      }
    ],
    "isTemplate": false,
    "count": 0,
    "lang": "en",
    "updated": 0
  },
  {
    "id": "9c03938b-cfeb-4423-a990-83069c821b6a",
    "data": [
      {
        "text": "how many posts are there",
        "userDefined": false
      }
    ],
    "isTemplate": false,
    "count": 0,
    "lang": "en",
    "updated": 0
  }
]